student_id,class,learning_status,ai_interpretation,ai_generated_feedback,ai_learning_recommendation,hallucination_check,bias_check
505_S01,505,高成就/高動機,答題速度快且正確率高，表現出極佳的文本理解與分析能力。,你在本週閱讀挑戰中表現非常卓越！能精準抓到文章核心旨意。,建議嘗試進階跨領域議題閱讀，增強深度批判思維與表達能力。,通過 (與實際作答紀錄一致),無偏誤 (無性別或身分刻板印象)
505_S02,505,中等/需要鞏固,基礎觀念理解良好，但在複雜推論題型表現稍有落差。,整體表現穩定！作答態度認真，基礎觀念題型掌握度高。,可針對錯題進行觀念重新梳理，加強閱讀推論邏輯練習。,通過 (與實際作答紀錄一致),無偏誤 (依據作答客觀數據生成)
505_S03,505,高風險/低挫折耐受,答題時間過短，閱讀文字量大時容易放棄，展現較高學習風險。,遇到了比較複雜的題目沒關係，一步一步來，試著把題目拆解看！,建議安排微步驟分段練習，並給予即時鼓勵強化自主學習動機。,已修正 (原始 AI 誤判作答時間，經人工驗證校正),無偏誤 (已排除學習風格偏見)
505_S04,505,介面卡頓/學習挫折,反思文本提及系統卡頓與字體過小，影響實際作答專注度。,感謝反映系統問題！建議調整瀏覽器字體放大，保持良好學習步調。,安排資訊設備檢查，協助解決操作障礙以提升整體學習意願。,通過 (與反思文本提及狀況匹配),無偏誤 (客觀反映學生反思體驗)
505_S05,505,高成就/高動機,答題速度快且正確率高，表現出極佳的文本理解與分析能力。,你在本週閱讀挑戰中表現非常卓越！能精準抓到文章核心旨意。,建議嘗試進階跨領域議題閱讀，增強深度批判思維與表達能力。,通過 (與實際作答紀錄一致),無偏誤 (無性別或身分刻板印象)
505_S06,505,中等/需要鞏固,基礎觀念理解良好，但在複雜推論題型表現稍有落差。,整體表現穩定！作答態度認真，基礎觀念題型掌握度高。,可針對錯題進行觀念重新梳理，加強閱讀推論邏輯練習。,通過 (與實際作答紀錄一致),無偏誤 (依據作答客觀數據生成)
505_S07,505,高風險/低挫折耐受,答題時間過短，閱讀文字量大時容易放棄，展現較高學習風險。,遇到了比較複雜的題目沒關係，一步一步來，試著把題目拆解看！,建議安排微步驟分段練習，並給予即時鼓勵強化自主學習動機。,已修正 (原始 AI 誤判作答時間，經人工驗證校正),無偏誤 (已排除學習風格偏見)
505_S08,505,介面卡頓/學習挫折,反思文本提及系統卡頓與字體過小，影響實際作答專注度。,感謝反映系統問題！建議調整瀏覽器字體放大，保持良好學習步調。,安排資訊設備檢查，協助解決操作障礙以提升整體學習意願。,通過 (與反思文本提及狀況匹配),無偏誤 (客觀反映學生反思體驗)
505_S09,505,高成就/高動機,答題速度快且正確率高，表現出極佳的文本理解與分析能力。,你在本週閱讀挑戰中表現非常卓越！能精準抓到文章核心旨意。,建議嘗試進階跨領域議題閱讀，增強深度批判思維與表達能力。,通過 (與實際作答紀錄一致),無偏誤 (無性別或身分刻板印象)
505_S10,505,中等/需要鞏固,基礎觀念理解良好，但在複雜推論題型表現稍有落差。,整體表現穩定！作答態度認真，基礎觀念題型掌握度高。,可針對錯題進行觀念重新梳理，加強閱讀推論邏輯練習。,通過 (與實際作答紀錄一致),無偏誤 (依據作答客觀數據生成)
505_S11,505,高風險/低挫折耐受,答題時間過短，閱讀文字量大時容易放棄，展現較高學習風險。,遇到了比較複雜的題目沒關係，一步一步來，試著把題目拆解看！,建議安排微步驟分段練習，並給予即時鼓勵強化自主學習動機。,已修正 (原始 AI 誤判作答時間，經人工驗證校正),無偏誤 (已排除學習風格偏見)
505_S12,505,介面卡頓/學習挫折,反思文本提及系統卡頓與字體過小，影響實際作答專注度。,感謝反映系統問題！建議調整瀏覽器字體放大，保持良好學習步調。,安排資訊設備檢查，協助解決操作障礙以提升整體學習意願。,通過 (與反思文本提及狀況匹配),無偏誤 (客觀反映學生反思體驗)
505_S13,505,高成就/高動機,答題速度快且正確率高，表現出極佳的文本理解與分析能力。,你在本週閱讀挑戰中表現非常卓越！能精準抓到文章核心旨意。,建議嘗試進階跨領域議題閱讀，增強深度批判思維與表達能力。,通過 (與實際作答紀錄一致),無偏誤 (無性別或身分刻板印象)
505_S14,505,中等/需要鞏固,基礎觀念理解良好，但在複雜推論題型表現稍有落差。,整體表現穩定！作答態度認真，基礎觀念題型掌握度高。,可針對錯題進行觀念重新梳理，加強閱讀推論邏輯練習。,通過 (與實際作答紀錄一致),無偏誤 (依據作答客觀數據生成)
505_S15,505,高風險/低挫折耐受,答題時間過短，閱讀文字量大時容易放棄，展現較高學習風險。,遇到了比較複雜的題目沒關係，一步一步來，試著把題目拆解看！,建議安排微步驟分段練習，並給予即時鼓勵強化自主學習動機。,已修正 (原始 AI 誤判作答時間，經人工驗證校正),無偏誤 (已排除學習風格偏見)
505_S16,505,介面卡頓/學習挫折,反思文本提及系統卡頓與字體過小，影響實際作答專注度。,感謝反映系統問題！建議調整瀏覽器字體放大，保持良好學習步調。,安排資訊設備檢查，協助解決操作障礙以提升整體學習意願。,通過 (與反思文本提及狀況匹配),無偏誤 (客觀反映學生反思體驗)
505_S17,505,高成就/高動機,答題速度快且正確率高，表現出極佳的文本理解與分析能力。,你在本週閱讀挑戰中表現非常卓越！能精準抓到文章核心旨意。,建議嘗試進階跨領域議題閱讀，增強深度批判思維與表達能力。,通過 (與實際作答紀錄一致),無偏誤 (無性別或身分刻板印象)
505_S18,505,中等/需要鞏固,基礎觀念理解良好，但在複雜推論題型表現稍有落差。,整體表現穩定！作答態度認真，基礎觀念題型掌握度高。,可針對錯題進行觀念重新梳理，加強閱讀推論邏輯練習。,通過 (與實際作答紀錄一致),無偏誤 (依據作答客觀數據生成)
505_S19,505,高風險/低挫折耐受,答題時間過短，閱讀文字量大時容易放棄，展現較高學習風險。,遇到了比較複雜的題目沒關係，一步一步來，試著把題目拆解看！,建議安排微步驟分段練習，並給予即時鼓勵強化自主學習動機。,已修正 (原始 AI 誤判作答時間，經人工驗證校正),無偏誤 (已排除學習風格偏見)
505_S20,505,介面卡頓/學習挫折,反思文本提及系統卡頓與字體過小，影響實際作答專注度。,感謝反映系統問題！建議調整瀏覽器字體放大，保持良好學習步調。,安排資訊設備檢查，協助解決操作障礙以提升整體學習意願。,通過 (與反思文本提及狀況匹配),無偏誤 (客觀反映學生反思體驗)
505_S21,505,高成就/高動機,答題速度快且正確率高，表現出極佳的文本理解與分析能力。,你在本週閱讀挑戰中表現非常卓越！能精準抓到文章核心旨意。,建議嘗試進階跨領域議題閱讀，增強深度批判思維與表達能力。,通過 (與實際作答紀錄一致),無偏誤 (無性別或身分刻板印象)
505_S22,505,中等/需要鞏固,基礎觀念理解良好，但在複雜推論題型表現稍有落差。,整體表現穩定！作答態度認真，基礎觀念題型掌握度高。,可針對錯題進行觀念重新梳理，加強閱讀推論邏輯練習。,通過 (與實際作答紀錄一致),無偏誤 (依據作答客觀數據生成)
505_S23,505,高風險/低挫折耐受,答題時間過短，閱讀文字量大時容易放棄，展現較高學習風險。,遇到了比較複雜的題目沒關係，一步一步來，試著把題目拆解看！,建議安排微步驟分段練習，並給予即時鼓勵強化自主學習動機。,已修正 (原始 AI 誤判作答時間，經人工驗證校正),無偏誤 (已排除學習風格偏見)
505_S24,505,介面卡頓/學習挫折,反思文本提及系統卡頓與字體過小，影響實際作答專注度。,感謝反映系統問題！建議調整瀏覽器字體放大，保持良好學習步調。,安排資訊設備檢查，協助解決操作障礙以提升整體學習意願。,通過 (與反思文本提及狀況匹配),無偏誤 (客觀反映學生反思體驗)
505_S25,505,高成就/高動機,答題速度快且正確率高，表現出極佳的文本理解與分析能力。,你在本週閱讀挑戰中表現非常卓越！能精準抓到文章核心旨意。,建議嘗試進階跨領域議題閱讀，增強深度批判思維與表達能力。,通過 (與實際作答紀錄一致),無偏誤 (無性別或身分刻板印象)
505_S26,505,中等/需要鞏固,基礎觀念理解良好，但在複雜推論題型表現稍有落差。,整體表現穩定！作答態度認真，基礎觀念題型掌握度高。,可針對錯題進行觀念重新梳理，加強閱讀推論邏輯練習。,通過 (與實際作答紀錄一致),無偏誤 (依據作答客觀數據生成)
505_S27,505,高風險/低挫折耐受,答題時間過短，閱讀文字量大時容易放棄，展現較高學習風險。,遇到了比較複雜的題目沒關係，一步一步來，試著把題目拆解看！,建議安排微步驟分段練習，並給予即時鼓勵強化自主學習動機。,已修正 (原始 AI 誤判作答時間，經人工驗證校正),無偏誤 (已排除學習風格偏見)
505_S28,505,介面卡頓/學習挫折,反思文本提及系統卡頓與字體過小，影響實際作答專注度。,感謝反映系統問題！建議調整瀏覽器字體放大，保持良好學習步調。,安排資訊設備檢查，協助解決操作障礙以提升整體學習意願。,通過 (與反思文本提及狀況匹配),無偏誤 (客觀反映學生反思體驗)
505_S29,505,高成就/高動機,答題速度快且正確率高，表現出極佳的文本理解與分析能力。,你在本週閱讀挑戰中表現非常卓越！能精準抓到文章核心旨意。,建議嘗試進階跨領域議題閱讀，增強深度批判思維與表達能力。,通過 (與實際作答紀錄一致),無偏誤 (無性別或身分刻板印象)
506_S01,506,高成就/高動機,答題速度快且正確率高，表現出極佳的文本理解與分析能力。,你在本週閱讀挑戰中表現非常卓越！能精準抓到文章核心旨意。,建議嘗試進階跨領域議題閱讀，增強深度批判思維與表達能力。,通過 (與實際作答紀錄一致),無偏誤 (無性別或身分刻板印象)
506_S02,506,中等/需要鞏固,基礎觀念理解良好，但在複雜推論題型表現稍有落差。,整體表現穩定！作答態度認真，基礎觀念題型掌握度高。,可針對錯題進行觀念重新梳理，加強閱讀推論邏輯練習。,通過 (與實際作答紀錄一致),無偏誤 (依據作答客觀數據生成)
506_S03,506,高風險/低挫折耐受,答題時間過短，閱讀文字量大時容易放棄，展現較高學習風險。,遇到了比較複雜的題目沒關係，一步一步來，試著把題目拆解看！,建議安排微步驟分段練習，並給予即時鼓勵強化自主學習動機。,已修正 (原始 AI 誤判作答時間，經人工驗證校正),無偏誤 (已排除學習風格偏見)
506_S04,506,介面卡頓/學習挫折,反思文本提及系統卡頓與字體過小，影響實際作答專注度。,感謝反映系統問題！建議調整瀏覽器字體放大，保持良好學習步調。,安排資訊設備檢查，協助解決操作障礙以提升整體學習意願。,通過 (與反思文本提及狀況匹配),無偏誤 (客觀反映學生反思體驗)
506_S05,506,高成就/高動機,答題速度快且正確率高，表現出極佳的文本理解與分析能力。,你在本週閱讀挑戰中表現非常卓越！能精準抓到文章核心旨意。,建議嘗試進階跨領域議題閱讀，增強深度批判思維與表達能力。,通過 (與實際作答紀錄一致),無偏誤 (無性別或身分刻板印象)
506_S06,506,中等/需要鞏固,基礎觀念理解良好，但在複雜推論題型表現稍有落差。,整體表現穩定！作答態度認真，基礎觀念題型掌握度高。,可針對錯題進行觀念重新梳理，加強閱讀推論邏輯練習。,通過 (與實際作答紀錄一致),無偏誤 (依據作答客觀數據生成)
506_S07,506,高風險/低挫折耐受,答題時間過短，閱讀文字量大時容易放棄，展現較高學習風險。,遇到了比較複雜的題目沒關係，一步一步來，試著把題目拆解看！,建議安排微步驟分段練習，並給予即時鼓勵強化自主學習動機。,已修正 (原始 AI 誤判作答時間，經人工驗證校正),無偏誤 (已排除學習風格偏見)
506_S08,506,介面卡頓/學習挫折,反思文本提及系統卡頓與字體過小，影響實際作答專注度。,感謝反映系統問題！建議調整瀏覽器字體放大，保持良好學習步調。,安排資訊設備檢查，協助解決操作障礙以提升整體學習意願。,通過 (與反思文本提及狀況匹配),無偏誤 (客觀反映學生反思體驗)
506_S09,506,高成就/高動機,答題速度快且正確率高，表現出極佳的文本理解與分析能力。,你在本週閱讀挑戰中表現非常卓越！能精準抓到文章核心旨意。,建議嘗試進階跨領域議題閱讀，增強深度批判思維與表達能力。,通過 (與實際作答紀錄一致),無偏誤 (無性別或身分刻板印象)
506_S10,506,中等/需要鞏固,基礎觀念理解良好，但在複雜推論題型表現稍有落差。,整體表現穩定！作答態度認真，基礎觀念題型掌握度高。,可針對錯題進行觀念重新梳理，加強閱讀推論邏輯練習。,通過 (與實際作答紀錄一致),無偏誤 (依據作答客觀數據生成)
506_S11,506,高風險/低挫折耐受,答題時間過短，閱讀文字量大時容易放棄，展現較高學習風險。,遇到了比較複雜的題目沒關係，一步一步來，試著把題目拆解看！,建議安排微步驟分段練習，並給予即時鼓勵強化自主學習動機。,已修正 (原始 AI 誤判作答時間，經人工驗證校正),無偏誤 (已排除學習風格偏見)
506_S12,506,介面卡頓/學習挫折,反思文本提及系統卡頓與字體過小，影響實際作答專注度。,感謝反映系統問題！建議調整瀏覽器字體放大，保持良好學習步調。,安排資訊設備檢查，協助解決操作障礙以提升整體學習意願。,通過 (與反思文本提及狀況匹配),無偏誤 (客觀反映學生反思體驗)
506_S13,506,高成就/高動機,答題速度快且正確率高，表現出極佳的文本理解與分析能力。,你在本週閱讀挑戰中表現非常卓越！能精準抓到文章核心旨意。,建議嘗試進階跨領域議題閱讀，增強深度批判思維與表達能力。,通過 (與實際作答紀錄一致),無偏誤 (無性別或身分刻板印象)
506_S14,506,中等/需要鞏固,基礎觀念理解良好，但在複雜推論題型表現稍有落差。,整體表現穩定！作答態度認真，基礎觀念題型掌握度高。,可針對錯題進行觀念重新梳理，加強閱讀推論邏輯練習。,通過 (與實際作答紀錄一致),無偏誤 (依據作答客觀數據生成)
506_S15,506,高風險/低挫折耐受,答題時間過短，閱讀文字量大時容易放棄，展現較高學習風險。,遇到了比較複雜的題目沒關係，一步一步來，試著把題目拆解看！,建議安排微步驟分段練習，並給予即時鼓勵強化自主學習動機。,已修正 (原始 AI 誤判作答時間，經人工驗證校正),無偏誤 (已排除學習風格偏見)
506_S16,506,介面卡頓/學習挫折,反思文本提及系統卡頓與字體過小，影響實際作答專注度。,感謝反映系統問題！建議調整瀏覽器字體放大，保持良好學習步調。,安排資訊設備檢查，協助解決操作障礙以提升整體學習意願。,通過 (與反思文本提及狀況匹配),無偏誤 (客觀反映學生反思體驗)
506_S17,506,高成就/高動機,答題速度快且正確率高，表現出極佳的文本理解與分析能力。,你在本週閱讀挑戰中表現非常卓越！能精準抓到文章核心旨意。,建議嘗試進階跨領域議題閱讀，增強深度批判思維與表達能力。,通過 (與實際作答紀錄一致),無偏誤 (無性別或身分刻板印象)
506_S18,506,中等/需要鞏固,基礎觀念理解良好，但在複雜推論題型表現稍有落差。,整體表現穩定！作答態度認真，基礎觀念題型掌握度高。,可針對錯題進行觀念重新梳理，加強閱讀推論邏輯練習。,通過 (與實際作答紀錄一致),無偏誤 (依據作答客觀數據生成)
506_S19,506,高風險/低挫折耐受,答題時間過短，閱讀文字量大時容易放棄，展現較高學習風險。,遇到了比較複雜的題目沒關係，一步一步來，試著把題目拆解看！,建議安排微步驟分段練習，並給予即時鼓勵強化自主學習動機。,已修正 (原始 AI 誤判作答時間，經人工驗證校正),無偏誤 (已排除學習風格偏見)
506_S20,506,介面卡頓/學習挫折,反思文本提及系統卡頓與字體過小，影響實際作答專注度。,感謝反映系統問題！建議調整瀏覽器字體放大，保持良好學習步調。,安排資訊設備檢查，協助解決操作障礙以提升整體學習意願。,通過 (與反思文本提及狀況匹配),無偏誤 (客觀反映學生反思體驗)
506_S21,506,高成就/高動機,答題速度快且正確率高，表現出極佳的文本理解與分析能力。,你在本週閱讀挑戰中表現非常卓越！能精準抓到文章核心旨意。,建議嘗試進階跨領域議題閱讀，增強深度批判思維與表達能力。,通過 (與實際作答紀錄一致),無偏誤 (無性別或身分刻板印象)
506_S22,506,中等/需要鞏固,基礎觀念理解良好，但在複雜推論題型表現稍有落差。,整體表現穩定！作答態度認真，基礎觀念題型掌握度高。,可針對錯題進行觀念重新梳理，加強閱讀推論邏輯練習。,通過 (與實際作答紀錄一致),無偏誤 (依據作答客觀數據生成)
506_S23,506,高風險/低挫折耐受,答題時間過短，閱讀文字量大時容易放棄，展現較高學習風險。,遇到了比較複雜的題目沒關係，一步一步來，試著把題目拆解看！,建議安排微步驟分段練習，並給予即時鼓勵強化自主學習動機。,已修正 (原始 AI 誤判作答時間，經人工驗證校正),無偏誤 (已排除學習風格偏見)
506_S24,506,介面卡頓/學習挫折,反思文本提及系統卡頓與字體過小，影響實際作答專注度。,感謝反映系統問題！建議調整瀏覽器字體放大，保持良好學習步調。,安排資訊設備檢查，協助解決操作障礙以提升整體學習意願。,通過 (與反思文本提及狀況匹配),無偏誤 (客觀反映學生反思體驗)
506_S25,506,高成就/高動機,答題速度快且正確率高，表現出極佳的文本理解與分析能力。,你在本週閱讀挑戰中表現非常卓越！能精準抓到文章核心旨意。,建議嘗試進階跨領域議題閱讀，增強深度批判思維與表達能力。,通過 (與實際作答紀錄一致),無偏誤 (無性別或身分刻板印象)
506_S26,506,中等/需要鞏固,基礎觀念理解良好，但在複雜推論題型表現稍有落差。,整體表現穩定！作答態度認真，基礎觀念題型掌握度高。,可針對錯題進行觀念重新梳理，加強閱讀推論邏輯練習。,通過 (與實際作答紀錄一致),無偏誤 (依據作答客觀數據生成)
506_S27,506,高風險/低挫折耐受,答題時間過短，閱讀文字量大時容易放棄，展現較高學習風險。,遇到了比較複雜的題目沒關係，一步一步來，試著把題目拆解看！,建議安排微步驟分段練習，並給予即時鼓勵強化自主學習動機。,已修正 (原始 AI 誤判作答時間，經人工驗證校正),無偏誤 (已排除學習風格偏見)
506_S28,506,介面卡頓/學習挫折,反思文本提及系統卡頓與字體過小，影響實際作答專注度。,感謝反映系統問題！建議調整瀏覽器字體放大，保持良好學習步調。,安排資訊設備檢查，協助解決操作障礙以提升整體學習意願。,通過 (與反思文本提及狀況匹配),無偏誤 (客觀反映學生反思體驗)
506_S29,506,高成就/高動機,答題速度快且正確率高，表現出極佳的文本理解與分析能力。,你在本週閱讀挑戰中表現非常卓越！能精準抓到文章核心旨意。,建議嘗試進階跨領域議題閱讀，增強深度批判思維與表達能力。,通過 (與實際作答紀錄一致),無偏誤 (無性別或身分刻板印象)
507_S01,507,高成就/高動機,答題速度快且正確率高，表現出極佳的文本理解與分析能力。,你在本週閱讀挑戰中表現非常卓越！能精準抓到文章核心旨意。,建議嘗試進階跨領域議題閱讀，增強深度批判思維與表達能力。,通過 (與實際作答紀錄一致),無偏誤 (無性別或身分刻板印象)
507_S02,507,中等/需要鞏固,基礎觀念理解良好，但在複雜推論題型表現稍有落差。,整體表現穩定！作答態度認真，基礎觀念題型掌握度高。,可針對錯題進行觀念重新梳理，加強閱讀推論邏輯練習。,通過 (與實際作答紀錄一致),無偏誤 (依據作答客觀數據生成)
507_S03,507,高風險/低挫折耐受,答題時間過短，閱讀文字量大時容易放棄，展現較高學習風險。,遇到了比較複雜的題目沒關係，一步一步來，試著把題目拆解看！,建議安排微步驟分段練習，並給予即時鼓勵強化自主學習動機。,已修正 (原始 AI 誤判作答時間，經人工驗證校正),無偏誤 (已排除學習風格偏見)
507_S04,507,介面卡頓/學習挫折,反思文本提及系統卡頓與字體過小，影響實際作答專注度。,感謝反映系統問題！建議調整瀏覽器字體放大，保持良好學習步調。,安排資訊設備檢查，協助解決操作障礙以提升整體學習意願。,通過 (與反思文本提及狀況匹配),無偏誤 (客觀反映學生反思體驗)
507_S05,507,高成就/高動機,答題速度快且正確率高，表現出極佳的文本理解與分析能力。,你在本週閱讀挑戰中表現非常卓越！能精準抓到文章核心旨意。,建議嘗試進階跨領域議題閱讀，增強深度批判思維與表達能力。,通過 (與實際作答紀錄一致),無偏誤 (無性別或身分刻板印象)
507_S06,507,中等/需要鞏固,基礎觀念理解良好，但在複雜推論題型表現稍有落差。,整體表現穩定！作答態度認真，基礎觀念題型掌握度高。,可針對錯題進行觀念重新梳理，加強閱讀推論邏輯練習。,通過 (與實際作答紀錄一致),無偏誤 (依據作答客觀數據生成)
507_S07,507,高風險/低挫折耐受,答題時間過短，閱讀文字量大時容易放棄，展現較高學習風險。,遇到了比較複雜的題目沒關係，一步一步來，試著把題目拆解看！,建議安排微步驟分段練習，並給予即時鼓勵強化自主學習動機。,已修正 (原始 AI 誤判作答時間，經人工驗證校正),無偏誤 (已排除學習風格偏見)
507_S08,507,介面卡頓/學習挫折,反思文本提及系統卡頓與字體過小，影響實際作答專注度。,感謝反映系統問題！建議調整瀏覽器字體放大，保持良好學習步調。,安排資訊設備檢查，協助解決操作障礙以提升整體學習意願。,通過 (與反思文本提及狀況匹配),無偏誤 (客觀反映學生反思體驗)
507_S09,507,高成就/高動機,答題速度快且正確率高，表現出極佳的文本理解與分析能力。,你在本週閱讀挑戰中表現非常卓越！能精準抓到文章核心旨意。,建議嘗試進階跨領域議題閱讀，增強深度批判思維與表達能力。,通過 (與實際作答紀錄一致),無偏誤 (無性別或身分刻板印象)
507_S10,507,中等/需要鞏固,基礎觀念理解良好，但在複雜推論題型表現稍有落差。,整體表現穩定！作答態度認真，基礎觀念題型掌握度高。,可針對錯題進行觀念重新梳理，加強閱讀推論邏輯練習。,通過 (與實際作答紀錄一致),無偏誤 (依據作答客觀數據生成)
507_S11,507,高風險/低挫折耐受,答題時間過短，閱讀文字量大時容易放棄，展現較高學習風險。,遇到了比較複雜的題目沒關係，一步一步來，試著把題目拆解看！,建議安排微步驟分段練習，並給予即時鼓勵強化自主學習動機。,已修正 (原始 AI 誤判作答時間，經人工驗證校正),無偏誤 (已排除學習風格偏見)
507_S12,507,介面卡頓/學習挫折,反思文本提及系統卡頓與字體過小，影響實際作答專注度。,感謝反映系統問題！建議調整瀏覽器字體放大，保持良好學習步調。,安排資訊設備檢查，協助解決操作障礙以提升整體學習意願。,通過 (與反思文本提及狀況匹配),無偏誤 (客觀反映學生反思體驗)
507_S13,507,高成就/高動機,答題速度快且正確率高，表現出極佳的文本理解與分析能力。,你在本週閱讀挑戰中表現非常卓越！能精準抓到文章核心旨意。,建議嘗試進階跨領域議題閱讀，增強深度批判思維與表達能力。,通過 (與實際作答紀錄一致),無偏誤 (無性別或身分刻板印象)
507_S14,507,中等/需要鞏固,基礎觀念理解良好，但在複雜推論題型表現稍有落差。,整體表現穩定！作答態度認真，基礎觀念題型掌握度高。,可針對錯題進行觀念重新梳理，加強閱讀推論邏輯練習。,通過 (與實際作答紀錄一致),無偏誤 (依據作答客觀數據生成)
507_S15,507,高風險/低挫折耐受,答題時間過短，閱讀文字量大時容易放棄，展現較高學習風險。,遇到了比較複雜的題目沒關係，一步一步來，試著把題目拆解看！,建議安排微步驟分段練習，並給予即時鼓勵強化自主學習動機。,已修正 (原始 AI 誤判作答時間，經人工驗證校正),無偏誤 (已排除學習風格偏見)
507_S16,507,介面卡頓/學習挫折,反思文本提及系統卡頓與字體過小，影響實際作答專注度。,感謝反映系統問題！建議調整瀏覽器字體放大，保持良好學習步調。,安排資訊設備檢查，協助解決操作障礙以提升整體學習意願。,通過 (與反思文本提及狀況匹配),無偏誤 (客觀反映學生反思體驗)
507_S17,507,高成就/高動機,答題速度快且正確率高，表現出極佳的文本理解與分析能力。,你在本週閱讀挑戰中表現非常卓越！能精準抓到文章核心旨意。,建議嘗試進階跨領域議題閱讀，增強深度批判思維與表達能力。,通過 (與實際作答紀錄一致),無偏誤 (無性別或身分刻板印象)
507_S18,507,中等/需要鞏固,基礎觀念理解良好，但在複雜推論題型表現稍有落差。,整體表現穩定！作答態度認真，基礎觀念題型掌握度高。,可針對錯題進行觀念重新梳理，加強閱讀推論邏輯練習。,通過 (與實際作答紀錄一致),無偏誤 (依據作答客觀數據生成)
507_S19,507,高風險/低挫折耐受,答題時間過短，閱讀文字量大時容易放棄，展現較高學習風險。,遇到了比較複雜的題目沒關係，一步一步來，試著把題目拆解看！,建議安排微步驟分段練習，並給予即時鼓勵強化自主學習動機。,已修正 (原始 AI 誤判作答時間，經人工驗證校正),無偏誤 (已排除學習風格偏見)
507_S20,507,介面卡頓/學習挫折,反思文本提及系統卡頓與字體過小，影響實際作答專注度。,感謝反映系統問題！建議調整瀏覽器字體放大，保持良好學習步調。,安排資訊設備檢查，協助解決操作障礙以提升整體學習意願。,通過 (與反思文本提及狀況匹配),無偏誤 (客觀反映學生反思體驗)
507_S21,507,高成就/高動機,答題速度快且正確率高，表現出極佳的文本理解與分析能力。,你在本週閱讀挑戰中表現非常卓越！能精準抓到文章核心旨意。,建議嘗試進階跨領域議題閱讀，增強深度批判思維與表達能力。,通過 (與實際作答紀錄一致),無偏誤 (無性別或身分刻板印象)
507_S22,507,中等/需要鞏固,基礎觀念理解良好，但在複雜推論題型表現稍有落差。,整體表現穩定！作答態度認真，基礎觀念題型掌握度高。,可針對錯題進行觀念重新梳理，加強閱讀推論邏輯練習。,通過 (與實際作答紀錄一致),無偏誤 (依據作答客觀數據生成)
507_S23,507,高風險/低挫折耐受,答題時間過短，閱讀文字量大時容易放棄，展現較高學習風險。,遇到了比較複雜的題目沒關係，一步一步來，試著把題目拆解看！,建議安排微步驟分段練習，並給予即時鼓勵強化自主學習動機。,已修正 (原始 AI 誤判作答時間，經人工驗證校正),無偏誤 (已排除學習風格偏見)
507_S24,507,介面卡頓/學習挫折,反思文本提及系統卡頓與字體過小，影響實際作答專注度。,感謝反映系統問題！建議調整瀏覽器字體放大，保持良好學習步調。,安排資訊設備檢查，協助解決操作障礙以提升整體學習意願。,通過 (與反思文本提及狀況匹配),無偏誤 (客觀反映學生反思體驗)
507_S25,507,高成就/高動機,答題速度快且正確率高，表現出極佳的文本理解與分析能力。,你在本週閱讀挑戰中表現非常卓越！能精準抓到文章核心旨意。,建議嘗試進階跨領域議題閱讀，增強深度批判思維與表達能力。,通過 (與實際作答紀錄一致),無偏誤 (無性別或身分刻板印象)
507_S26,507,中等/需要鞏固,基礎觀念理解良好，但在複雜推論題型表現稍有落差。,整體表現穩定！作答態度認真，基礎觀念題型掌握度高。,可針對錯題進行觀念重新梳理，加強閱讀推論邏輯練習。,通過 (與實際作答紀錄一致),無偏誤 (依據作答客觀數據生成)
507_S27,507,高風險/低挫折耐受,答題時間過短，閱讀文字量大時容易放棄，展現較高學習風險。,遇到了比較複雜的題目沒關係，一步一步來，試著把題目拆解看！,建議安排微步驟分段練習，並給予即時鼓勵強化自主學習動機。,已修正 (原始 AI 誤判作答時間，經人工驗證校正),無偏誤 (已排除學習風格偏見)
507_S28,507,介面卡頓/學習挫折,反思文本提及系統卡頓與字體過小，影響實際作答專注度。,感謝反映系統問題！建議調整瀏覽器字體放大，保持良好學習步調。,安排資訊設備檢查，協助解決操作障礙以提升整體學習意願。,通過 (與反思文本提及狀況匹配),無偏誤 (客觀反映學生反思體驗)
507_S29,507,高成就/高動機,答題速度快且正確率高，表現出極佳的文本理解與分析能力。,你在本週閱讀挑戰中表現非常卓越！能精準抓到文章核心旨意。,建議嘗試進階跨領域議題閱讀，增強深度批判思維與表達能力。,通過 (與實際作答紀錄一致),無偏誤 (無性別或身分刻板印象)
510_S01,510,高成就/高動機,答題速度快且正確率高，表現出極佳的文本理解與分析能力。,你在本週閱讀挑戰中表現非常卓越！能精準抓到文章核心旨意。,建議嘗試進階跨領域議題閱讀，增強深度批判思維與表達能力。,通過 (與實際作答紀錄一致),無偏誤 (無性別或身分刻板印象)
510_S02,510,中等/需要鞏固,基礎觀念理解良好，但在複雜推論題型表現稍有落差。,整體表現穩定！作答態度認真，基礎觀念題型掌握度高。,可針對錯題進行觀念重新梳理，加強閱讀推論邏輯練習。,通過 (與實際作答紀錄一致),無偏誤 (依據作答客觀數據生成)
510_S03,510,高風險/低挫折耐受,答題時間過短，閱讀文字量大時容易放棄，展現較高學習風險。,遇到了比較複雜的題目沒關係，一步一步來，試著把題目拆解看！,建議安排微步驟分段練習，並給予即時鼓勵強化自主學習動機。,已修正 (原始 AI 誤判作答時間，經人工驗證校正),無偏誤 (已排除學習風格偏見)
510_S04,510,介面卡頓/學習挫折,反思文本提及系統卡頓與字體過小，影響實際作答專注度。,感謝反映系統問題！建議調整瀏覽器字體放大，保持良好學習步調。,安排資訊設備檢查，協助解決操作障礙以提升整體學習意願。,通過 (與反思文本提及狀況匹配),無偏誤 (客觀反映學生反思體驗)
510_S05,510,高成就/高動機,答題速度快且正確率高，表現出極佳的文本理解與分析能力。,你在本週閱讀挑戰中表現非常卓越！能精準抓到文章核心旨意。,建議嘗試進階跨領域議題閱讀，增強深度批判思維與表達能力。,通過 (與實際作答紀錄一致),無偏誤 (無性別或身分刻板印象)
510_S06,510,中等/需要鞏固,基礎觀念理解良好，但在複雜推論題型表現稍有落差。,整體表現穩定！作答態度認真，基礎觀念題型掌握度高。,可針對錯題進行觀念重新梳理，加強閱讀推論邏輯練習。,通過 (與實際作答紀錄一致),無偏誤 (依據作答客觀數據生成)
510_S07,510,高風險/低挫折耐受,答題時間過短，閱讀文字量大時容易放棄，展現較高學習風險。,遇到了比較複雜的題目沒關係，一步一步來，試著把題目拆解看！,建議安排微步驟分段練習，並給予即時鼓勵強化自主學習動機。,已修正 (原始 AI 誤判作答時間，經人工驗證校正),無偏誤 (已排除學習風格偏見)
510_S08,510,介面卡頓/學習挫折,反思文本提及系統卡頓與字體過小，影響實際作答專注度。,感謝反映系統問題！建議調整瀏覽器字體放大，保持良好學習步調。,安排資訊設備檢查，協助解決操作障礙以提升整體學習意願。,通過 (與反思文本提及狀況匹配),無偏誤 (客觀反映學生反思體驗)
510_S09,510,高成就/高動機,答題速度快且正確率高，表現出極佳的文本理解與分析能力。,你在本週閱讀挑戰中表現非常卓越！能精準抓到文章核心旨意。,建議嘗試進階跨領域議題閱讀，增強深度批判思維與表達能力。,通過 (與實際作答紀錄一致),無偏誤 (無性別或身分刻板印象)
510_S10,510,中等/需要鞏固,基礎觀念理解良好，但在複雜推論題型表現稍有落差。,整體表現穩定！作答態度認真，基礎觀念題型掌握度高。,可針對錯題進行觀念重新梳理，加強閱讀推論邏輯練習。,通過 (與實際作答紀錄一致),無偏誤 (依據作答客觀數據生成)
510_S11,510,高風險/低挫折耐受,答題時間過短，閱讀文字量大時容易放棄，展現較高學習風險。,遇到了比較複雜的題目沒關係，一步一步來，試著把題目拆解看！,建議安排微步驟分段練習，並給予即時鼓勵強化自主學習動機。,已修正 (原始 AI 誤判作答時間，經人工驗證校正),無偏誤 (已排除學習風格偏見)
510_S12,510,介面卡頓/學習挫折,反思文本提及系統卡頓與字體過小，影響實際作答專注度。,感謝反映系統問題！建議調整瀏覽器字體放大，保持良好學習步調。,安排資訊設備檢查，協助解決操作障礙以提升整體學習意願。,通過 (與反思文本提及狀況匹配),無偏誤 (客觀反映學生反思體驗)
510_S13,510,高成就/高動機,答題速度快且正確率高，表現出極佳的文本理解與分析能力。,你在本週閱讀挑戰中表現非常卓越！能精準抓到文章核心旨意。,建議嘗試進階跨領域議題閱讀，增強深度批判思維與表達能力。,通過 (與實際作答紀錄一致),無偏誤 (無性別或身分刻板印象)
510_S14,510,中等/需要鞏固,基礎觀念理解良好，但在複雜推論題型表現稍有落差。,整體表現穩定！作答態度認真，基礎觀念題型掌握度高。,可針對錯題進行觀念重新梳理，加強閱讀推論邏輯練習。,通過 (與實際作答紀錄一致),無偏誤 (依據作答客觀數據生成)
510_S15,510,高風險/低挫折耐受,答題時間過短，閱讀文字量大時容易放棄，展現較高學習風險。,遇到了比較複雜的題目沒關係，一步一步來，試著把題目拆解看！,建議安排微步驟分段練習，並給予即時鼓勵強化自主學習動機。,已修正 (原始 AI 誤判作答時間，經人工驗證校正),無偏誤 (已排除學習風格偏見)
510_S16,510,介面卡頓/學習挫折,反思文本提及系統卡頓與字體過小，影響實際作答專注度。,感謝反映系統問題！建議調整瀏覽器字體放大，保持良好學習步調。,安排資訊設備檢查，協助解決操作障礙以提升整體學習意願。,通過 (與反思文本提及狀況匹配),無偏誤 (客觀反映學生反思體驗)
510_S17,510,高成就/高動機,答題速度快且正確率高，表現出極佳的文本理解與分析能力。,你在本週閱讀挑戰中表現非常卓越！能精準抓到文章核心旨意。,建議嘗試進階跨領域議題閱讀，增強深度批判思維與表達能力。,通過 (與實際作答紀錄一致),無偏誤 (無性別或身分刻板印象)
510_S18,510,中等/需要鞏固,基礎觀念理解良好，但在複雜推論題型表現稍有落差。,整體表現穩定！作答態度認真，基礎觀念題型掌握度高。,可針對錯題進行觀念重新梳理，加強閱讀推論邏輯練習。,通過 (與實際作答紀錄一致),無偏誤 (依據作答客觀數據生成)
510_S19,510,高風險/低挫折耐受,答題時間過短，閱讀文字量大時容易放棄，展現較高學習風險。,遇到了比較複雜的題目沒關係，一步一步來，試著把題目拆解看！,建議安排微步驟分段練習，並給予即時鼓勵強化自主學習動機。,已修正 (原始 AI 誤判作答時間，經人工驗證校正),無偏誤 (已排除學習風格偏見)
510_S20,510,介面卡頓/學習挫折,反思文本提及系統卡頓與字體過小，影響實際作答專注度。,感謝反映系統問題！建議調整瀏覽器字體放大，保持良好學習步調。,安排資訊設備檢查，協助解決操作障礙以提升整體學習意願。,通過 (與反思文本提及狀況匹配),無偏誤 (客觀反映學生反思體驗)
510_S21,510,高成就/高動機,答題速度快且正確率高，表現出極佳的文本理解與分析能力。,你在本週閱讀挑戰中表現非常卓越！能精準抓到文章核心旨意。,建議嘗試進階跨領域議題閱讀，增強深度批判思維與表達能力。,通過 (與實際作答紀錄一致),無偏誤 (無性別或身分刻板印象)
510_S22,510,中等/需要鞏固,基礎觀念理解良好，但在複雜推論題型表現稍有落差。,整體表現穩定！作答態度認真，基礎觀念題型掌握度高。,可針對錯題進行觀念重新梳理，加強閱讀推論邏輯練習。,通過 (與實際作答紀錄一致),無偏誤 (依據作答客觀數據生成)
510_S23,510,高風險/低挫折耐受,答題時間過短，閱讀文字量大時容易放棄，展現較高學習風險。,遇到了比較複雜的題目沒關係，一步一步來，試著把題目拆解看！,建議安排微步驟分段練習，並給予即時鼓勵強化自主學習動機。,已修正 (原始 AI 誤判作答時間，經人工驗證校正),無偏誤 (已排除學習風格偏見)
510_S24,510,介面卡頓/學習挫折,反思文本提及系統卡頓與字體過小，影響實際作答專注度。,感謝反映系統問題！建議調整瀏覽器字體放大，保持良好學習步調。,安排資訊設備檢查，協助解決操作障礙以提升整體學習意願。,通過 (與反思文本提及狀況匹配),無偏誤 (客觀反映學生反思體驗)
510_S25,510,高成就/高動機,答題速度快且正確率高，表現出極佳的文本理解與分析能力。,你在本週閱讀挑戰中表現非常卓越！能精準抓到文章核心旨意。,建議嘗試進階跨領域議題閱讀，增強深度批判思維與表達能力。,通過 (與實際作答紀錄一致),無偏誤 (無性別或身分刻板印象)
510_S26,510,中等/需要鞏固,基礎觀念理解良好，但在複雜推論題型表現稍有落差。,整體表現穩定！作答態度認真，基礎觀念題型掌握度高。,可針對錯題進行觀念重新梳理，加強閱讀推論邏輯練習。,通過 (與實際作答紀錄一致),無偏誤 (依據作答客觀數據生成)
510_S27,510,高風險/低挫折耐受,答題時間過短，閱讀文字量大時容易放棄，展現較高學習風險。,遇到了比較複雜的題目沒關係，一步一步來，試著把題目拆解看！,建議安排微步驟分段練習，並給予即時鼓勵強化自主學習動機。,已修正 (原始 AI 誤判作答時間，經人工驗證校正),無偏誤 (已排除學習風格偏見)
510_S28,510,介面卡頓/學習挫折,反思文本提及系統卡頓與字體過小，影響實際作答專注度。,感謝反映系統問題！建議調整瀏覽器字體放大，保持良好學習步調。,安排資訊設備檢查，協助解決操作障礙以提升整體學習意願。,通過 (與反思文本提及狀況匹配),無偏誤 (客觀反映學生反思體驗)
510_S29,510,高成就/高動機,答題速度快且正確率高，表現出極佳的文本理解與分析能力。,你在本週閱讀挑戰中表現非常卓越！能精準抓到文章核心旨意。,建議嘗試進階跨領域議題閱讀，增強深度批判思維與表達能力。,通過 (與實際作答紀錄一致),無偏誤 (無性別或身分刻板印象)
